PROV488;Appleloosa;;;;;;;;;;;;;;;;;
PROV437;Appleloosa Orchard;;;;;;;;;;;;;
PROV434;Appleloosa Outskirts;;;;;;;;;;;;;
PROV3249;New Province 1;;;;;;;;;;;;;
PROV3250;New Province 2;;;;;;;;;;;;;
PROV3251;New Province 3;;;;;;;;;;;;;
PROV3252;New Province 4;;;;;;;;;;;;;
PROV3253;New Province 5;;;;;;;;;;;;;
PROV3254;New Province 6;;;;;;;;;;;;;
PROV3255;New Province 7;;;;;;;;;;;;;
PROV3256;New Province 8;;;;;;;;;;;;;
PROV3257;New Province 9;;;;;;;;;;;;;
PROV3258;New Province 10;;;;;;;;;;;;;
PROV3259;New Province 11;;;;;;;;;;;;;
PROV3260;New Province 12;;;;;;;;;;;;;
PROV3261;New Province 13;;;;;;;;;;;;;
PROV3262;New Province 14;;;;;;;;;;;;;
PROV3263;New Province 15;;;;;;;;;;;;;
PROV3264;New Province 16;;;;;;;;;;;;;
PROV3265;New Province 17;;;;;;;;;;;;;
PROV3266;New Province 18;;;;;;;;;;;;;
PROV3267;New Province 19;;;;;;;;;;;;;
PROV3268;New Province 20;;;;;;;;;;;;;
PROV3269;New Province 21;;;;;;;;;;;;;
PROV3270;New Province 22;;;;;;;;;;;;;
PROV3271;New Province 23;;;;;;;;;;;;;
PROV3272;New Province 24;;;;;;;;;;;;;
PROV3273;New Province 25;;;;;;;;;;;;;
PROV3274;New Province 26;;;;;;;;;;;;;
PROV3275;New Province 27;;;;;;;;;;;;;
PROV3276;New Province 28;;;;;;;;;;;;;
PROV3277;New Province 29;;;;;;;;;;;;;
PROV3278;New Province 30;;;;;;;;;;;;;
PROV3279;New Province 31;;;;;;;;;;;;;
PROV3280;New Province 32;;;;;;;;;;;;;
PROV3281;New Province 33;;;;;;;;;;;;;
PROV3282;New Province 34;;;;;;;;;;;;;
PROV3283;New Province 35;;;;;;;;;;;;;
PROV3284;New Province 36;;;;;;;;;;;;;
PROV3285;New Province 37;;;;;;;;;;;;;
PROV3286;New Province 38;;;;;;;;;;;;;
PROV3287;New Province 39;;;;;;;;;;;;;
PROV3288;New Province 40;;;;;;;;;;;;;
PROV3289;New Province 41;;;;;;;;;;;;;
PROV3290;New Province 42;;;;;;;;;;;;;
PROV3291;New Province 43;;;;;;;;;;;;;
PROV3292;New Province 44;;;;;;;;;;;;;
PROV3293;New Province 45;;;;;;;;;;;;;
PROV3294;New Province 46;;;;;;;;;;;;;
PROV3295;New Province 47;;;;;;;;;;;;;
PROV3296;New Province 48;;;;;;;;;;;;;
PROV3297;New Province 49;;;;;;;;;;;;;
PROV3298;New Province 50;;;;;;;;;;;;;
PROV3299;New Province 51;;;;;;;;;;;;;
PROV3300;New Province 52;;;;;;;;;;;;;
PROV3301;New Province 53;;;;;;;;;;;;;
PROV3302;New Province 54;;;;;;;;;;;;;
PROV3303;New Province 55;;;;;;;;;;;;;
PROV3304;New Province 56;;;;;;;;;;;;;
PROV3305;New Province 57;;;;;;;;;;;;;
PROV3306;New Province 58;;;;;;;;;;;;;
PROV3307;New Province 59;;;;;;;;;;;;;
PROV3308;New Province 60;;;;;;;;;;;;;
PROV3309;New Province 61;;;;;;;;;;;;;
PROV3310;New Province 62;;;;;;;;;;;;;
PROV3311;New Province 63;;;;;;;;;;;;;
PROV3312;New Province 64;;;;;;;;;;;;;
PROV3313;New Province 65;;;;;;;;;;;;;
PROV3314;New Province 66;;;;;;;;;;;;;
PROV3315;New Province 67;;;;;;;;;;;;;
PROV3316;New Province 68;;;;;;;;;;;;;
PROV3317;New Province 69;;;;;;;;;;;;;
PROV3318;New Province 70;;;;;;;;;;;;;
PROV3319;New Province 71;;;;;;;;;;;;;
PROV3320;New Province 72;;;;;;;;;;;;;
PROV3321;New Province 73;;;;;;;;;;;;;
PROV3322;New Province 74;;;;;;;;;;;;;
PROV3323;New Province 75;;;;;;;;;;;;;
PROV3324;New Province 76;;;;;;;;;;;;;
PROV3325;New Province 77;;;;;;;;;;;;;
PROV3326;New Province 78;;;;;;;;;;;;;
PROV3327;New Province 79;;;;;;;;;;;;;
PROV3328;New Province 80;;;;;;;;;;;;;
PROV3329;New Province 81;;;;;;;;;;;;;
PROV3330;New Province 82;;;;;;;;;;;;;
PROV3331;New Province 83;;;;;;;;;;;;;
PROV3332;New Province 84;;;;;;;;;;;;;
PROV3333;New Province 85;;;;;;;;;;;;;
PROV3334;New Province 86;;;;;;;;;;;;;
PROV3335;New Province 87;;;;;;;;;;;;;
PROV3336;New Province 88;;;;;;;;;;;;;
PROV3337;New Province 89;;;;;;;;;;;;;
PROV3338;New Province 90;;;;;;;;;;;;;
PROV3339;New Province 91;;;;;;;;;;;;;
PROV3340;New Province 92;;;;;;;;;;;;;